"test","control"
"PED_T_01","PED_02, PED_03, PED_04, PED_10, PED_13, PED_15, PED_16, PED_17, PED_22, PED_26"
"PED_T_03","PED_02, PED_03, PED_04, PED_10, PED_13, PED_15, PED_16, PED_17, PED_22, PED_26"
"PED_T_04","PED_19, PED_20, PED_21"
"PED_T_05","PED_03, PED_05, PED_10, PED_13, PED_14, PED_15, PED_16, PED_17, PED_26, PED_27"
"PED_T_06","PED_08, PED_09, PED_18, PED_24, PED_25, PED_28"
"PED_T_07","PED_01, PED_06, PED_11, PED_23"
"PED_T_08","PED_03, PED_05, PED_10, PED_13, PED_14, PED_15, PED_16, PED_17, PED_26, PED_27"
"PED_T_09","PED_07, PED_12, PED_23"
"PED_T_10","PED_19, PED_20, PED_21"
"PED_T_11","PED_19, PED_20, PED_21"
"PED_T_13","PED_02, PED_04, PED_07, PED_10, PED_13, PED_15, PED_16, PED_17, PED_22"
"PED_T_14","PED_07, PED_12, PED_23"
"PED_T_15","PED_02, PED_03, PED_04, PED_10, PED_13, PED_15, PED_16, PED_17, PED_22, PED_26"
"PED_T_16","PED_19, PED_20, PED_21, PED_24"
"PED_T_17","PED_07, PED_12, PED_23"
"PED_T_18","PED_01, PED_06, PED_11, PED_23"
"PED_T_19","PED_08, PED_09, PED_18, PED_24, PED_25, PED_28"
"PED_T_20","PED_02, PED_04, PED_07, PED_12, PED_22"
"PED_T_21","PED_08, PED_09, PED_18, PED_24, PED_25, PED_28"
"PED_T_22","PED_01, PED_06, PED_11, PED_25, PED_28"
"PED_T_23","PED_06, PED_08, PED_09, PED_18, PED_25, PED_28"
"PED_T_24","PED_01, PED_06, PED_11, PED_23"
"PED_T_25","PED_03, PED_05, PED_10, PED_13, PED_14, PED_15, PED_16, PED_17, PED_26, PED_27"
"PED_T_26","PED_03, PED_05, PED_10, PED_13, PED_14, PED_15, PED_16, PED_17, PED_26, PED_27"
"PED_T_27","PED_03, PED_05, PED_10, PED_13, PED_14, PED_15, PED_16, PED_17, PED_26, PED_27"
"PED_T_28","PED_03, PED_05, PED_10, PED_13, PED_14, PED_15, PED_16, PED_17, PED_26, PED_27"
"PED_T_29","PED_03, PED_05, PED_10, PED_13, PED_14, PED_15, PED_16, PED_17, PED_26, PED_27"
"PED_T_30","PED_03, PED_05, PED_14, PED_26, PED_27"
"PED_T_01","PED_02, PED_03, PED_04, PED_10, PED_13, PED_15, PED_16, PED_17, PED_22, PED_26"
"PED_T_03","PED_02, PED_03, PED_04, PED_10, PED_13, PED_15, PED_16, PED_17, PED_22, PED_26"
"PED_T_04","PED_19, PED_20, PED_21"
"PED_T_05","PED_03, PED_05, PED_10, PED_13, PED_14, PED_15, PED_16, PED_17, PED_26, PED_27"
"PED_T_06","PED_08, PED_09, PED_18, PED_24, PED_25, PED_28"
"PED_T_07","PED_01, PED_06, PED_11, PED_23"
"PED_T_08","PED_03, PED_05, PED_10, PED_13, PED_14, PED_15, PED_16, PED_17, PED_26, PED_27"
"PED_T_09","PED_07, PED_12, PED_23"
"PED_T_10","PED_19, PED_20, PED_21"
"PED_T_11","PED_19, PED_20, PED_21"
"PED_T_13","PED_02, PED_04, PED_07, PED_10, PED_13, PED_15, PED_16, PED_17, PED_22"
"PED_T_14","PED_07, PED_12, PED_23"
"PED_T_15","PED_02, PED_03, PED_04, PED_10, PED_13, PED_15, PED_16, PED_17, PED_22, PED_26"
"PED_T_16","PED_19, PED_20, PED_21, PED_24"
"PED_T_17","PED_07, PED_12, PED_23"
"PED_T_18","PED_01, PED_06, PED_11, PED_23"
"PED_T_19","PED_08, PED_09, PED_18, PED_24, PED_25, PED_28"
"PED_T_20","PED_02, PED_04, PED_07, PED_12, PED_22"
"PED_T_21","PED_08, PED_09, PED_18, PED_24, PED_25, PED_28"
"PED_T_22","PED_01, PED_06, PED_11, PED_25, PED_28"
"PED_T_23","PED_06, PED_08, PED_09, PED_18, PED_25, PED_28"
"PED_T_24","PED_01, PED_06, PED_11, PED_23"
"PED_T_25","PED_03, PED_05, PED_10, PED_13, PED_14, PED_15, PED_16, PED_17, PED_26, PED_27"
"PED_T_26","PED_03, PED_05, PED_10, PED_13, PED_14, PED_15, PED_16, PED_17, PED_26, PED_27"
"PED_T_27","PED_03, PED_05, PED_10, PED_13, PED_14, PED_15, PED_16, PED_17, PED_26, PED_27"
"PED_T_28","PED_03, PED_05, PED_10, PED_13, PED_14, PED_15, PED_16, PED_17, PED_26, PED_27"
"PED_T_29","PED_03, PED_05, PED_10, PED_13, PED_14, PED_15, PED_16, PED_17, PED_26, PED_27"
"PED_T_30","PED_03, PED_05, PED_14, PED_26, PED_27"
